{
  "roc_auc": 0.9153438360271471,
  "pr_auc": 0.7318574476697531,
  "num_samples": 2311,
  "positive_rate": 0.16443098225876243,
  "thresholds": {
    "0.5": {
      "precision": 0.743421052631579,
      "recall": 0.5947368421052631,
      "f1": 0.6608187134502924,
      "predicted_positive": 304,
      "threshold": 0.5
    },
    "0.95": {
      "precision": 0.8625,
      "recall": 0.3631578947368421,
      "f1": 0.5111111111111111,
      "predicted_positive": 160,
      "threshold": 0.95
    },
    "calibrated": {
      "threshold": 0.49447773035198633,
      "precision": 0.7450980392156863,
      "recall": 0.6,
      "f1": 0.6647230320699709,
      "predicted_positive": 306,
      "recall_target": 0.6
    }
  },
  "recommended_threshold": {
    "threshold": 0.49447773035198633,
    "precision": 0.7450980392156863,
    "recall": 0.6,
    "f1": 0.6647230320699709,
    "predicted_positive": 306,
    "recall_target": 0.6
  },
  "confusion_matrix": {
    "tn": 1853,
    "fp": 78,
    "fn": 154,
    "tp": 226
  },
  "bucket_counts": {
    "planet": 160,
    "candidate": 144,
    "non-planet": 2007
  },
  "bucket_positive_rate": {
    "planet": 0.8625,
    "candidate": 0.6111111111111112,
    "non-planet": 0.07673143996013951
  },
  "configuration": {
    "mission": "tess",
    "split": "within-mission",
    "test_size": 0.3,
    "seed": 42,
    "ensemble": false,
    "device": "cpu",
    "oversample": false,
    "recall_target": 0.6
  }
}