{
  "roc_auc": 0.6261411613737446,
  "pr_auc": 0.26378717326167117,
  "num_samples": 7703,
  "positive_rate": 0.16448137089445672,
  "thresholds": {
    "0.5": {
      "precision": 0.2638805970149254,
      "recall": 0.34885556432517756,
      "f1": 0.300475866757308,
      "predicted_positive": 1675
    },
    "0.95": {
      "precision": 0.3656387665198238,
      "recall": 0.06550907655880031,
      "f1": 0.1111111111111111,
      "predicted_positive": 227
    }
  },
  "confusion_matrix": {
    "tn": 5203,
    "fp": 1233,
    "fn": 825,
    "tp": 442
  },
  "bucket_counts": {
    "planet": 227,
    "candidate": 1448,
    "non-planet": 6028
  },
  "bucket_positive_rate": {
    "planet": 0.3656387665198238,
    "candidate": 0.2479281767955801,
    "non-planet": 0.13686131386861314
  },
  "configuration": {
    "mode": "train",
    "split": "cross-mission",
    "test_mission": "tess",
    "ensemble": false,
    "device": "cpu"
  }
}